flat_index,channel,time,freq,embedded_bit,decoded_bit,error,recovered_z,embedded_z,abs_z_diff
0,0,0,0,1,1,0,0.6540819406509399,0.6744897365570068,0.020407795906066895
1,0,0,1,0,0,0,-1.009102463722229,-0.6744897365570068,0.33461272716522217
2,0,0,2,0,0,0,-1.5636581182479858,-0.6744897365570068,0.889168381690979
3,0,0,3,0,0,0,-1.2929514646530151,-0.6744897365570068,0.6184617280960083
4,0,0,4,1,0,1,-0.3079787492752075,0.6744897365570068,0.9824684858322144
5,0,0,5,1,1,0,0.11333390325307846,0.6744897365570068,0.5611558333039284
6,0,0,6,1,0,1,-0.6587047576904297,0.6744897365570068,1.3331944942474365
7,0,0,7,1,0,1,-0.3269072473049164,0.6744897365570068,1.0013969838619232
8,0,0,8,1,1,0,0.0315706692636013,0.6744897365570068,0.6429190672934055
9,0,0,9,1,1,0,0.07021261751651764,0.6744897365570068,0.6042771190404892
10,0,0,10,0,0,0,-1.406785488128662,-0.6744897365570068,0.7322957515716553
11,0,0,11,1,0,1,-0.34856462478637695,0.6744897365570068,1.0230543613433838
12,0,0,12,0,0,0,-0.9526431560516357,-0.6744897365570068,0.2781534194946289
13,0,0,13,1,1,0,0.7052698135375977,0.6744897365570068,0.03078007698059082
14,0,0,14,1,1,0,0.469605028629303,0.6744897365570068,0.20488470792770386
15,0,0,15,0,0,0,-0.27415400743484497,-0.6744897365570068,0.40033572912216187
16,0,1,0,0,0,0,-1.2747166156768799,-0.6744897365570068,0.600226879119873
17,0,1,1,1,1,0,0.5785049796104431,0.6744897365570068,0.09598475694656372
18,0,1,2,1,1,0,0.4364924132823944,0.6744897365570068,0.23799732327461243
19,0,1,3,0,0,0,-1.0361111164093018,-0.6744897365570068,0.3616213798522949
20,0,1,4,0,0,0,-1.048401117324829,-0.6744897365570068,0.37391138076782227
21,0,1,5,1,1,0,0.16698816418647766,0.6744897365570068,0.5075015723705292
22,0,1,6,1,1,0,0.004022710956633091,0.6744897365570068,0.6704670256003737
23,0,1,7,1,1,0,0.17868229746818542,0.6744897365570068,0.4958074390888214
24,0,1,8,1,1,0,0.4875721335411072,0.6744897365570068,0.18691760301589966
25,0,1,9,1,1,0,0.04588934779167175,0.6744897365570068,0.6286003887653351
26,0,1,10,1,1,0,0.44612300395965576,0.6744897365570068,0.22836673259735107
27,0,1,11,1,1,0,0.2834032475948334,0.6744897365570068,0.39108648896217346
28,0,1,12,0,0,0,-1.1749522686004639,-0.6744897365570068,0.500462532043457
29,0,1,13,0,0,0,-0.7044506072998047,-0.6744897365570068,0.02996087074279785
30,0,1,14,0,0,0,-0.7081653475761414,-0.6744897365570068,0.03367561101913452
31,0,1,15,0,1,1,0.11232278496026993,-0.6744897365570068,0.7868125215172768
32,0,2,0,1,0,1,-0.009867601096630096,0.6744897365570068,0.6843573376536369
33,0,2,1,0,0,0,-0.49732422828674316,-0.6744897365570068,0.17716550827026367
34,0,2,2,0,0,0,-0.8615991473197937,-0.6744897365570068,0.18710941076278687
35,0,2,3,1,1,0,0.47103214263916016,0.6744897365570068,0.20345759391784668
36,0,2,4,0,0,0,-1.1676608324050903,-0.6744897365570068,0.4931710958480835
37,0,2,5,0,0,0,-1.438788890838623,-0.6744897365570068,0.7642991542816162
38,0,2,6,0,0,0,-1.1309558153152466,-0.6744897365570068,0.45646607875823975
39,0,2,7,1,1,0,0.33888837695121765,0.6744897365570068,0.3356013596057892
40,0,2,8,1,1,0,0.6385509967803955,0.6744897365570068,0.03593873977661133
41,0,2,9,0,0,0,-1.3579237461090088,-0.6744897365570068,0.683434009552002
42,0,2,10,0,0,0,-0.7702153921127319,-0.6744897365570068,0.0957256555557251
43,0,2,11,1,1,0,0.1915636658668518,0.6744897365570068,0.48292607069015503
44,0,2,12,1,1,0,0.41702792048454285,0.6744897365570068,0.257461816072464
45,0,2,13,1,1,0,0.5424354076385498,0.6744897365570068,0.13205432891845703
46,0,2,14,0,0,0,-0.7389711141586304,-0.6744897365570068,0.06448137760162354
47,0,2,15,0,0,0,-0.16573786735534668,-0.6744897365570068,0.5087518692016602
48,0,3,0,0,0,0,-1.1352981328964233,-0.6744897365570068,0.4608083963394165
49,0,3,1,0,0,0,-0.33365777134895325,-0.6744897365570068,0.3408319652080536
50,0,3,2,1,1,0,1.0200855731964111,0.6744897365570068,0.3455958366394043
51,0,3,3,0,0,0,-0.9163398146629333,-0.6744897365570068,0.2418500781059265
52,0,3,4,0,0,0,-0.28490063548088074,-0.6744897365570068,0.3895891010761261
53,0,3,5,1,1,0,0.4993336796760559,0.6744897365570068,0.17515605688095093
54,0,3,6,1,1,0,0.16450060904026031,0.6744897365570068,0.5099891275167465
55,0,3,7,0,0,0,-0.7319605350494385,-0.6744897365570068,0.05747079849243164
56,0,3,8,0,0,0,-0.6177698969841003,-0.6744897365570068,0.056719839572906494
57,0,3,9,0,0,0,-1.3316197395324707,-0.6744897365570068,0.6571300029754639
58,0,3,10,1,1,0,0.7136218547821045,0.6744897365570068,0.039132118225097656
59,0,3,11,1,1,0,0.09348888695240021,0.6744897365570068,0.5810008496046066
60,0,3,12,1,1,0,0.26693838834762573,0.6744897365570068,0.4075513482093811
61,0,3,13,0,0,0,-0.6827793717384338,-0.6744897365570068,0.008289635181427002
62,0,3,14,0,0,0,-1.360319972038269,-0.6744897365570068,0.6858302354812622
63,0,3,15,0,0,0,-1.0145342350006104,-0.6744897365570068,0.3400444984436035
64,0,4,0,1,1,0,0.6066291332244873,0.6744897365570068,0.06786060333251953
65,0,4,1,1,1,0,0.7409757971763611,0.6744897365570068,0.06648606061935425
66,0,4,2,0,0,0,-0.47171884775161743,-0.6744897365570068,0.2027708888053894
67,0,4,3,1,1,0,0.3536452054977417,0.6744897365570068,0.32084453105926514
68,0,4,4,0,0,0,-1.174477219581604,-0.6744897365570068,0.49998748302459717
69,0,4,5,1,1,0,0.1893087774515152,0.6744897365570068,0.48518095910549164
70,0,4,6,0,0,0,-1.5751022100448608,-0.6744897365570068,0.900612473487854
71,0,4,7,1,1,0,0.18165910243988037,0.6744897365570068,0.49283063411712646
72,0,4,8,1,1,0,0.38294684886932373,0.6744897365570068,0.2915428876876831
73,0,4,9,1,0,1,-0.36243101954460144,0.6744897365570068,1.0369207561016083
74,0,4,10,0,0,0,-1.304254174232483,-0.6744897365570068,0.6297644376754761
75,0,4,11,0,0,0,-1.8590469360351562,-0.6744897365570068,1.1845571994781494
76,0,4,12,1,0,1,-0.5057743787765503,0.6744897365570068,1.1802641153335571
77,0,4,13,0,0,0,-1.4371037483215332,-0.6744897365570068,0.7626140117645264
78,0,4,14,1,0,1,-0.3033428490161896,0.6744897365570068,0.9778325855731964
79,0,4,15,0,0,0,-0.959656834602356,-0.6744897365570068,0.2851670980453491
80,0,5,0,0,0,0,-0.9616018533706665,-0.6744897365570068,0.28711211681365967
81,0,5,1,1,1,0,0.7925599217414856,0.6744897365570068,0.11807018518447876
82,0,5,2,1,1,0,0.269226998090744,0.6744897365570068,0.4052627384662628
83,0,5,3,1,1,0,0.6946862936019897,0.6744897365570068,0.02019655704498291
84,0,5,4,1,1,0,0.47917988896369934,0.6744897365570068,0.1953098475933075
85,0,5,5,1,1,0,0.523243248462677,0.6744897365570068,0.15124648809432983
86,0,5,6,1,1,0,0.5526487231254578,0.6744897365570068,0.12184101343154907
87,0,5,7,1,0,1,-0.09443042427301407,0.6744897365570068,0.7689201608300209
88,0,5,8,0,0,0,-0.7285401225090027,-0.6744897365570068,0.05405038595199585
89,0,5,9,0,0,0,-1.2845951318740845,-0.6744897365570068,0.6101053953170776
90,0,5,10,0,0,0,-1.0122227668762207,-0.6744897365570068,0.33773303031921387
91,0,5,11,1,1,0,0.3718072175979614,0.6744897365570068,0.3026825189590454
92,0,5,12,1,0,1,-0.08376262336969376,0.6744897365570068,0.7582523599267006
93,0,5,13,1,1,0,0.5754477381706238,0.6744897365570068,0.09904199838638306
94,0,5,14,0,0,0,-0.8467839360237122,-0.6744897365570068,0.17229419946670532
95,0,5,15,0,0,0,-1.1429065465927124,-0.6744897365570068,0.46841681003570557
96,0,6,0,0,0,0,-1.5953593254089355,-0.6744897365570068,0.9208695888519287
97,0,6,1,0,0,0,-0.6260979771614075,-0.6744897365570068,0.048391759395599365
98,0,6,2,1,0,1,-0.03870391473174095,0.6744897365570068,0.7131936512887478
99,0,6,3,0,0,0,-1.0851991176605225,-0.6744897365570068,0.4107093811035156
100,0,6,4,0,0,0,-0.8740165829658508,-0.6744897365570068,0.199526846408844
101,0,6,5,1,1,0,0.14058178663253784,0.6744897365570068,0.533907949924469
102,0,6,6,0,0,0,-1.2391711473464966,-0.6744897365570068,0.5646814107894897
103,0,6,7,0,0,0,-1.2143759727478027,-0.6744897365570068,0.5398862361907959
104,0,6,8,1,1,0,0.14165106415748596,0.6744897365570068,0.5328386723995209
105,0,6,9,0,0,0,-1.0882455110549927,-0.6744897365570068,0.41375577449798584
106,0,6,10,1,0,1,-0.153824120759964,0.6744897365570068,0.8283138573169708
107,0,6,11,1,0,1,-0.06429705768823624,0.6744897365570068,0.7387867942452431
108,0,6,12,1,1,0,0.11707936972379684,0.6744897365570068,0.55741036683321
109,0,6,13,0,0,0,-0.8601905703544617,-0.6744897365570068,0.18570083379745483
110,0,6,14,1,1,0,0.46659207344055176,0.6744897365570068,0.20789766311645508
111,0,6,15,0,0,0,-0.31460317969322205,-0.6744897365570068,0.3598865568637848
112,0,7,0,1,0,1,-0.30753082036972046,0.6744897365570068,0.9820205569267273
113,0,7,1,1,1,0,0.9947664141654968,0.6744897365570068,0.32027667760849
114,0,7,2,0,0,0,-0.9446597099304199,-0.6744897365570068,0.2701699733734131
115,0,7,3,0,0,0,-0.983870267868042,-0.6744897365570068,0.30938053131103516
116,0,7,4,0,0,0,-0.26667094230651855,-0.6744897365570068,0.4078187942504883
117,0,7,5,0,0,0,-1.366349697113037,-0.6744897365570068,0.6918599605560303
118,0,7,6,0,0,0,-1.1948539018630981,-0.6744897365570068,0.5203641653060913
119,0,7,7,0,0,0,-1.589257836341858,-0.6744897365570068,0.9147680997848511
120,0,7,8,0,0,0,-1.170027256011963,-0.6744897365570068,0.49553751945495605
121,0,7,9,0,0,0,-1.4847315549850464,-0.6744897365570068,0.8102418184280396
122,0,7,10,0,0,0,-1.2483450174331665,-0.6744897365570068,0.5738552808761597
123,0,7,11,1,1,0,0.08461935818195343,0.6744897365570068,0.5898703783750534
124,0,7,12,1,1,0,0.0045641460455954075,0.6744897365570068,0.6699255905114114
125,0,7,13,1,1,0,0.02593996189534664,0.6744897365570068,0.6485497746616602
126,0,7,14,1,1,0,0.15307211875915527,0.6744897365570068,0.5214176177978516
127,0,7,15,1,1,0,1.0650725364685059,0.6744897365570068,0.390582799911499
128,0,8,0,0,0,0,-0.4934539794921875,-0.6744897365570068,0.18103575706481934
129,0,8,1,0,1,1,0.07513880729675293,-0.6744897365570068,0.7496285438537598
130,0,8,2,1,1,0,1.262337565422058,0.6744897365570068,0.5878478288650513
131,0,8,3,0,0,0,-0.8088182210922241,-0.6744897365570068,0.13432848453521729
132,0,8,4,1,1,0,1.5204026699066162,0.6744897365570068,0.8459129333496094
133,0,8,5,1,1,0,0.8601061701774597,0.6744897365570068,0.18561643362045288
134,0,8,6,1,1,0,0.12702198326587677,0.6744897365570068,0.5474677532911301
135,0,8,7,1,1,0,0.6176625490188599,0.6744897365570068,0.05682718753814697
136,0,8,8,1,1,0,0.4186255931854248,0.6744897365570068,0.25586414337158203
137,0,8,9,1,1,0,0.19078929722309113,0.6744897365570068,0.4837004393339157
138,0,8,10,0,0,0,-0.35713818669319153,-0.6744897365570068,0.3173515498638153
139,0,8,11,1,1,0,0.36096110939979553,0.6744897365570068,0.3135286271572113
140,0,8,12,1,1,0,0.3171815276145935,0.6744897365570068,0.35730820894241333
141,0,8,13,0,0,0,-0.7617986798286438,-0.6744897365570068,0.08730894327163696
142,0,8,14,1,0,1,-0.04239393770694733,0.6744897365570068,0.7168836742639542
143,0,8,15,1,1,0,0.7569062113761902,0.6744897365570068,0.08241647481918335
144,0,9,0,0,0,0,-1.619445562362671,-0.6744897365570068,0.9449558258056641
145,0,9,1,1,1,0,1.0577197074890137,0.6744897365570068,0.38322997093200684
146,0,9,2,0,0,0,-0.9140754342079163,-0.6744897365570068,0.23958569765090942
147,0,9,3,1,1,0,1.467720866203308,0.6744897365570068,0.7932311296463013
148,0,9,4,1,1,0,1.293781042098999,0.6744897365570068,0.6192913055419922
149,0,9,5,1,1,0,0.9441671967506409,0.6744897365570068,0.26967746019363403
150,0,9,6,1,1,0,0.7162643074989319,0.6744897365570068,0.04177457094192505
151,0,9,7,1,0,1,-0.7546192407608032,0.6744897365570068,1.42910897731781
152,0,9,8,1,1,0,0.8111764192581177,0.6744897365570068,0.13668668270111084
153,0,9,9,0,0,0,-1.56029212474823,-0.6744897365570068,0.8858023881912231
154,0,9,10,1,1,0,0.029234236106276512,0.6744897365570068,0.6452555004507303
155,0,9,11,1,1,0,0.06045917049050331,0.6744897365570068,0.6140305660665035
156,0,9,12,1,1,0,0.254122793674469,0.6744897365570068,0.42036694288253784
157,0,9,13,1,1,0,0.2608075737953186,0.6744897365570068,0.41368216276168823
158,0,9,14,1,1,0,0.1356566846370697,0.6744897365570068,0.5388330519199371
159,0,9,15,1,1,0,0.7134729027748108,0.6744897365570068,0.038983166217803955
160,0,10,0,1,1,0,0.06408939510583878,0.6744897365570068,0.6104003414511681
161,0,10,1,1,1,0,0.9832907915115356,0.6744897365570068,0.3088010549545288
162,0,10,2,0,0,0,-0.8796543478965759,-0.6744897365570068,0.2051646113395691
163,0,10,3,1,1,0,0.7576112747192383,0.6744897365570068,0.08312153816223145
164,0,10,4,1,1,0,0.6886022090911865,0.6744897365570068,0.014112472534179688
165,0,10,5,0,0,0,-0.2938753366470337,-0.6744897365570068,0.38061439990997314
166,0,10,6,1,0,1,-0.024073205888271332,0.6744897365570068,0.6985629424452782
167,0,10,7,1,1,0,0.15905798971652985,0.6744897365570068,0.515431746840477
168,0,10,8,1,0,1,-0.01290529128164053,0.6744897365570068,0.6873950278386474
169,0,10,9,1,1,0,0.36826178431510925,0.6744897365570068,0.3062279522418976
170,0,10,10,0,0,0,-0.7423825860023499,-0.6744897365570068,0.06789284944534302
171,0,10,11,0,0,0,-0.8963360786437988,-0.6744897365570068,0.221846342086792
172,0,10,12,0,0,0,-1.144896149635315,-0.6744897365570068,0.4704064130783081
173,0,10,13,0,0,0,-0.7230605483055115,-0.6744897365570068,0.04857081174850464
174,0,10,14,1,1,0,0.06544406712055206,0.6744897365570068,0.6090456694364548
175,0,10,15,0,0,0,-0.966954231262207,-0.6744897365570068,0.2924644947052002
176,0,11,0,1,0,1,-0.055215511471033096,0.6744897365570068,0.7297052480280399
177,0,11,1,1,1,0,0.43061164021492004,0.6744897365570068,0.2438780963420868
178,0,11,2,1,1,0,0.4390373229980469,0.6744897365570068,0.23545241355895996
179,0,11,3,1,1,0,0.39111295342445374,0.6744897365570068,0.2833767831325531
180,0,11,4,0,0,0,-0.8301538228988647,-0.6744897365570068,0.1556640863418579
181,0,11,5,1,1,0,0.46018072962760925,0.6744897365570068,0.21430900692939758
182,0,11,6,1,1,0,0.25367650389671326,0.6744897365570068,0.4208132326602936
183,0,11,7,0,0,0,-1.1473174095153809,-0.6744897365570068,0.472827672958374
184,0,11,8,0,0,0,-1.0483249425888062,-0.6744897365570068,0.3738352060317993
185,0,11,9,0,0,0,-1.0212597846984863,-0.6744897365570068,0.3467700481414795
186,0,11,10,1,0,1,-0.008843440562486649,0.6744897365570068,0.6833331771194935
187,0,11,11,0,0,0,-1.1525599956512451,-0.6744897365570068,0.4780702590942383
188,0,11,12,0,0,0,-1.3725141286849976,-0.6744897365570068,0.6980243921279907
189,0,11,13,1,1,0,0.04006076604127884,0.6744897365570068,0.634428970515728
190,0,11,14,1,1,0,0.5729439854621887,0.6744897365570068,0.10154575109481812
191,0,11,15,1,1,0,0.9113724231719971,0.6744897365570068,0.23688268661499023
192,0,12,0,0,0,0,-1.49018394947052,-0.6744897365570068,0.8156942129135132
193,0,12,1,0,0,0,-2.472832202911377,-0.6744897365570068,1.7983424663543701
194,0,12,2,0,0,0,-1.130045771598816,-0.6744897365570068,0.4555560350418091
195,0,12,3,0,0,0,-1.693809151649475,-0.6744897365570068,1.0193194150924683
196,0,12,4,0,0,0,-1.524691104888916,-0.6744897365570068,0.8502013683319092
197,0,12,5,1,0,1,-0.2041580080986023,0.6744897365570068,0.8786477446556091
198,0,12,6,0,0,0,-1.462868571281433,-0.6744897365570068,0.7883788347244263
199,0,12,7,1,0,1,-0.09396400302648544,0.6744897365570068,0.7684537395834923
200,0,12,8,1,0,1,-0.4531790316104889,0.6744897365570068,1.1276687681674957
201,0,12,9,0,0,0,-1.1579285860061646,-0.6744897365570068,0.4834388494491577
202,0,12,10,0,0,0,-1.2901464700698853,-0.6744897365570068,0.6156567335128784
203,0,12,11,1,1,0,0.14694854617118835,0.6744897365570068,0.5275411903858185
204,0,12,12,1,1,0,0.26516950130462646,0.6744897365570068,0.40932023525238037
205,0,12,13,0,0,0,-0.627704381942749,-0.6744897365570068,0.04678535461425781
206,0,12,14,1,1,0,0.03395983576774597,0.6744897365570068,0.6405299007892609
207,0,12,15,1,1,0,0.6303930282592773,0.6744897365570068,0.04409670829772949
208,0,13,0,0,0,0,-1.1287205219268799,-0.6744897365570068,0.45423078536987305
209,0,13,1,1,1,0,0.6454222202301025,0.6744897365570068,0.029067516326904297
210,0,13,2,0,0,0,-0.6149515509605408,-0.6744897365570068,0.059538185596466064
211,0,13,3,0,0,0,-0.5983267426490784,-0.6744897365570068,0.07616299390792847
212,0,13,4,1,1,0,0.9808124899864197,0.6744897365570068,0.30632275342941284
213,0,13,5,0,0,0,-0.689245879650116,-0.6744897365570068,0.01475614309310913
214,0,13,6,0,0,0,-1.2491800785064697,-0.6744897365570068,0.5746903419494629
215,0,13,7,0,0,0,-1.3442095518112183,-0.6744897365570068,0.6697198152542114
216,0,13,8,1,0,1,-0.024892427027225494,0.6744897365570068,0.6993821635842323
217,0,13,9,1,1,0,0.2629221975803375,0.6744897365570068,0.4115675389766693
218,0,13,10,1,1,0,0.7311505675315857,0.6744897365570068,0.05666083097457886
219,0,13,11,1,1,0,0.584480345249176,0.6744897365570068,0.09000939130783081
220,0,13,12,1,1,0,0.23655496537685394,0.6744897365570068,0.4379347711801529
221,0,13,13,1,1,0,0.20364701747894287,0.6744897365570068,0.47084271907806396
222,0,13,14,0,0,0,-1.3466829061508179,-0.6744897365570068,0.672193169593811
223,0,13,15,1,1,0,0.4015350341796875,0.6744897365570068,0.27295470237731934
224,0,14,0,1,1,0,0.09833244979381561,0.6744897365570068,0.5761572867631912
225,0,14,1,1,0,1,-0.010854796506464481,0.6744897365570068,0.6853445330634713
226,0,14,2,0,0,0,-0.8171430826187134,-0.6744897365570068,0.14265334606170654
227,0,14,3,0,0,0,-0.9930464029312134,-0.6744897365570068,0.31855666637420654
228,0,14,4,1,1,0,0.06329789757728577,0.6744897365570068,0.6111918389797211
229,0,14,5,1,1,0,0.256257563829422,0.6744897365570068,0.41823217272758484
230,0,14,6,0,0,0,-0.9442563652992249,-0.6744897365570068,0.269766628742218
231,0,14,7,0,0,0,-0.43319758772850037,-0.6744897365570068,0.24129214882850647
232,0,14,8,1,1,0,0.3776988387107849,0.6744897365570068,0.2967908978462219
233,0,14,9,1,0,1,-0.2394556701183319,0.6744897365570068,0.9139454066753387
234,0,14,10,1,1,0,0.4945520758628845,0.6744897365570068,0.17993766069412231
235,0,14,11,0,0,0,-1.042239785194397,-0.6744897365570068,0.36775004863739014
236,0,14,12,0,0,0,-1.1144593954086304,-0.6744897365570068,0.43996965885162354
237,0,14,13,1,1,0,0.4211609959602356,0.6744897365570068,0.25332874059677124
238,0,14,14,0,0,0,-1.1195878982543945,-0.6744897365570068,0.4450981616973877
239,0,14,15,0,0,0,-0.04317833110690117,-0.6744897365570068,0.6313114054501057
240,0,15,0,0,0,0,-1.689873456954956,-0.6744897365570068,1.0153837203979492
241,0,15,1,0,0,0,-1.0701406002044678,-0.6744897365570068,0.39565086364746094
242,0,15,2,1,1,0,0.4896171987056732,0.6744897365570068,0.18487253785133362
243,0,15,3,1,1,0,0.4752843677997589,0.6744897365570068,0.19920536875724792
244,0,15,4,0,0,0,-1.4288625717163086,-0.6744897365570068,0.7543728351593018
245,0,15,5,1,1,0,0.3991572856903076,0.6744897365570068,0.2753324508666992
246,0,15,6,0,0,0,-1.2193706035614014,-0.6744897365570068,0.5448808670043945
247,0,15,7,1,0,1,-0.29540181159973145,0.6744897365570068,0.9698915481567383
248,0,15,8,1,1,0,0.3768823444843292,0.6744897365570068,0.2976073920726776
249,0,15,9,0,0,0,-1.7908304929733276,-0.6744897365570068,1.1163407564163208
250,0,15,10,0,0,0,-1.497885823249817,-0.6744897365570068,0.8233960866928101
251,0,15,11,0,0,0,-1.110772728919983,-0.6744897365570068,0.4362829923629761
252,0,15,12,1,1,0,0.11210425198078156,0.6744897365570068,0.5623854845762253
253,0,15,13,1,1,0,0.4718596339225769,0.6744897365570068,0.20263010263442993
254,0,15,14,0,0,0,-0.8017175793647766,-0.6744897365570068,0.12722784280776978
255,0,15,15,1,1,0,0.8198621869087219,0.6744897365570068,0.1453724503517151
256,0,16,0,0,0,0,-1.2830055952072144,-0.6744897365570068,0.6085158586502075
257,0,16,1,1,1,0,0.6568260788917542,0.6744897365570068,0.017663657665252686
258,0,16,2,0,0,0,-1.2888355255126953,-0.6744897365570068,0.6143457889556885
259,0,16,3,1,1,0,0.33601704239845276,0.6744897365570068,0.3384726941585541
260,0,16,4,1,1,0,0.3137921094894409,0.6744897365570068,0.3606976270675659
261,0,16,5,0,0,0,-1.3809466361999512,-0.6744897365570068,0.7064568996429443
262,0,16,6,1,0,1,-0.3753863275051117,0.6744897365570068,1.0498760640621185
263,0,16,7,0,0,0,-1.5833064317703247,-0.6744897365570068,0.9088166952133179
264,0,16,8,0,0,0,-1.1555074453353882,-0.6744897365570068,0.48101770877838135
265,0,16,9,0,0,0,-0.5998318791389465,-0.6744897365570068,0.0746578574180603
266,0,16,10,0,0,0,-1.2096726894378662,-0.6744897365570068,0.5351829528808594
267,0,16,11,0,0,0,-1.0437804460525513,-0.6744897365570068,0.36929070949554443
268,0,16,12,1,1,0,0.11610087007284164,0.6744897365570068,0.5583888664841652
269,0,16,13,0,0,0,-1.0526877641677856,-0.6744897365570068,0.3781980276107788
270,0,16,14,0,0,0,-0.6526212692260742,-0.6744897365570068,0.021868467330932617
271,0,16,15,0,0,0,-0.4575980305671692,-0.6744897365570068,0.21689170598983765
272,0,17,0,0,0,0,-1.5623209476470947,-0.6744897365570068,0.8878312110900879
273,0,17,1,1,1,0,1.0283441543579102,0.6744897365570068,0.3538544178009033
274,0,17,2,0,0,0,-0.5249800682067871,-0.6744897365570068,0.14950966835021973
275,0,17,3,0,0,0,-0.3542991876602173,-0.6744897365570068,0.32019054889678955
276,0,17,4,0,0,0,-0.8874639868736267,-0.6744897365570068,0.21297425031661987
277,0,17,5,1,0,1,-0.36703649163246155,0.6744897365570068,1.0415262281894684
278,0,17,6,1,1,0,0.08287219703197479,0.6744897365570068,0.591617539525032
279,0,17,7,0,0,0,-0.9626151323318481,-0.6744897365570068,0.2881253957748413
280,0,17,8,1,0,1,-0.4159374237060547,0.6744897365570068,1.0904271602630615
281,0,17,9,0,0,0,-0.8977342844009399,-0.6744897365570068,0.2232445478439331
282,0,17,10,0,0,0,-1.1018422842025757,-0.6744897365570068,0.42735254764556885
283,0,17,11,0,0,0,-0.8055076599121094,-0.6744897365570068,0.13101792335510254
284,0,17,12,1,1,0,0.13461294770240784,0.6744897365570068,0.539876788854599
285,0,17,13,1,1,0,0.11328606307506561,0.6744897365570068,0.5612036734819412
286,0,17,14,0,0,0,-1.1029229164123535,-0.6744897365570068,0.4284331798553467
287,0,17,15,1,1,0,0.072904571890831,0.6744897365570068,0.6015851646661758
288,0,18,0,1,0,1,-0.11193573474884033,0.6744897365570068,0.7864254713058472
289,0,18,1,1,1,0,0.704022228717804,0.6744897365570068,0.02953249216079712
290,0,18,2,1,1,0,1.0177110433578491,0.6744897365570068,0.3432213068008423
291,0,18,3,0,0,0,-0.30677303671836853,-0.6744897365570068,0.3677166998386383
292,0,18,4,0,0,0,-1.221043586730957,-0.6744897365570068,0.5465538501739502
293,0,18,5,0,0,0,-1.3405488729476929,-0.6744897365570068,0.666059136390686
294,0,18,6,0,0,0,-1.5994559526443481,-0.6744897365570068,0.9249662160873413
295,0,18,7,0,0,0,-0.7574150562286377,-0.6744897365570068,0.08292531967163086
296,0,18,8,1,1,0,1.8964146375656128,0.6744897365570068,1.221924901008606
297,0,18,9,1,1,0,0.8287795782089233,0.6744897365570068,0.1542898416519165
298,0,18,10,0,0,0,-0.6919505000114441,-0.6744897365570068,0.017460763454437256
299,0,18,11,1,1,0,0.8020616769790649,0.6744897365570068,0.1275719404220581
300,0,18,12,0,0,0,-0.6719671487808228,-0.6744897365570068,0.002522587776184082
301,0,18,13,0,0,0,-0.9973811507225037,-0.6744897365570068,0.3228914141654968
302,0,18,14,1,1,0,0.3060978651046753,0.6744897365570068,0.36839187145233154
303,0,18,15,1,0,1,-0.06945481896400452,0.6744897365570068,0.7439445555210114
304,0,19,0,1,0,1,-0.0058448901399970055,0.6744897365570068,0.6803346266970038
305,0,19,1,1,1,0,0.040956635028123856,0.6744897365570068,0.633533101528883
306,0,19,2,1,1,0,0.559697151184082,0.6744897365570068,0.1147925853729248
307,0,19,3,1,1,0,0.6182243227958679,0.6744897365570068,0.056265413761138916
308,0,19,4,0,0,0,-1.3082910776138306,-0.6744897365570068,0.6338013410568237
309,0,19,5,1,1,0,0.3798069655895233,0.6744897365570068,0.2946827709674835
310,0,19,6,1,1,0,0.3109229505062103,0.6744897365570068,0.3635667860507965
311,0,19,7,0,0,0,-1.2084766626358032,-0.6744897365570068,0.5339869260787964
312,0,19,8,0,0,0,-0.4825187027454376,-0.6744897365570068,0.1919710338115692
313,0,19,9,1,0,1,-0.12087702751159668,0.6744897365570068,0.7953667640686035
314,0,19,10,0,0,0,-1.1924641132354736,-0.6744897365570068,0.5179743766784668
315,0,19,11,0,0,0,-1.0046274662017822,-0.6744897365570068,0.3301377296447754
316,0,19,12,0,0,0,-1.163507103919983,-0.6744897365570068,0.4890173673629761
317,0,19,13,0,0,0,-0.9892368316650391,-0.6744897365570068,0.3147470951080322
318,0,19,14,1,0,1,-0.11892873048782349,0.6744897365570068,0.7934184670448303
319,0,19,15,1,1,0,0.7124786376953125,0.6744897365570068,0.037988901138305664
320,0,20,0,1,1,0,0.5282819867134094,0.6744897365570068,0.1462077498435974
321,0,20,1,0,0,0,-1.0936044454574585,-0.6744897365570068,0.41911470890045166
322,0,20,2,1,1,0,0.5698251724243164,0.6744897365570068,0.10466456413269043
323,0,20,3,0,0,0,-1.1340548992156982,-0.6744897365570068,0.4595651626586914
324,0,20,4,1,1,0,0.5712586641311646,0.6744897365570068,0.10323107242584229
325,0,20,5,0,0,0,-1.1638669967651367,-0.6744897365570068,0.4893772602081299
326,0,20,6,1,0,1,-0.29948320984840393,0.6744897365570068,0.9739729464054108
327,0,20,7,1,0,1,-0.005218652077019215,0.6744897365570068,0.679708388634026
328,0,20,8,0,0,0,-0.609389066696167,-0.6744897365570068,0.06510066986083984
329,0,20,9,0,0,0,-1.4304194450378418,-0.6744897365570068,0.755929708480835
330,0,20,10,1,0,1,-0.3642618954181671,0.6744897365570068,1.038751631975174
331,0,20,11,0,0,0,-0.976718544960022,-0.6744897365570068,0.30222880840301514
332,0,20,12,0,0,0,-1.2589389085769653,-0.6744897365570068,0.5844491720199585
333,0,20,13,1,1,0,0.23712033033370972,0.6744897365570068,0.4373694062232971
334,0,20,14,1,0,1,-0.7926349639892578,0.6744897365570068,1.4671247005462646
335,0,20,15,0,0,0,-1.4398456811904907,-0.6744897365570068,0.7653559446334839
336,0,21,0,1,0,1,-0.023999275639653206,0.6744897365570068,0.69848901219666
337,0,21,1,1,1,0,0.0853673592209816,0.6744897365570068,0.5891223773360252
338,0,21,2,1,0,1,-0.6332355737686157,0.6744897365570068,1.3077253103256226
339,0,21,3,0,0,0,-0.3627479672431946,-0.6744897365570068,0.31174176931381226
340,0,21,4,0,0,0,-0.8329343795776367,-0.6744897365570068,0.15844464302062988
341,0,21,5,0,0,0,-0.8276804089546204,-0.6744897365570068,0.15319067239761353
342,0,21,6,0,0,0,-1.2742817401885986,-0.6744897365570068,0.5997920036315918
343,0,21,7,0,0,0,-1.2896941900253296,-0.6744897365570068,0.6152044534683228
344,0,21,8,0,0,0,-0.9601917266845703,-0.6744897365570068,0.2857019901275635
345,0,21,9,1,1,0,0.09541435539722443,0.6744897365570068,0.5790753811597824
346,0,21,10,1,1,0,0.03737424686551094,0.6744897365570068,0.6371154896914959
347,0,21,11,0,0,0,-1.2619744539260864,-0.6744897365570068,0.5874847173690796
348,0,21,12,1,1,0,0.003335588378831744,0.6744897365570068,0.6711541481781751
349,0,21,13,1,0,1,-0.2730529308319092,0.6744897365570068,0.947542667388916
350,0,21,14,0,0,0,-1.5771745443344116,-0.6744897365570068,0.9026848077774048
351,0,21,15,1,1,0,0.5960004925727844,0.6744897365570068,0.07848924398422241
352,0,22,0,0,0,0,-1.1757187843322754,-0.6744897365570068,0.5012290477752686
353,0,22,1,0,0,0,-0.8037311434745789,-0.6744897365570068,0.12924140691757202
354,0,22,2,1,1,0,0.36936095356941223,0.6744897365570068,0.3051287829875946
355,0,22,3,0,0,0,-0.27452120184898376,-0.6744897365570068,0.39996853470802307
356,0,22,4,1,1,0,0.26515209674835205,0.6744897365570068,0.4093376398086548
357,0,22,5,1,1,0,0.678855299949646,0.6744897365570068,0.00436556339263916
358,0,22,6,1,0,1,-0.21230781078338623,0.6744897365570068,0.8867975473403931
359,0,22,7,0,0,0,-1.1744468212127686,-0.6744897365570068,0.4999570846557617
360,0,22,8,0,0,0,-0.8417870402336121,-0.6744897365570068,0.16729730367660522
361,0,22,9,0,0,0,-1.0028727054595947,-0.6744897365570068,0.3283829689025879
362,0,22,10,1,1,0,0.15331746637821198,0.6744897365570068,0.5211722701787949
363,0,22,11,1,1,0,0.13029234111309052,0.6744897365570068,0.5441973954439163
364,0,22,12,1,1,0,0.20561707019805908,0.6744897365570068,0.46887266635894775
365,0,22,13,0,0,0,-0.8345934748649597,-0.6744897365570068,0.16010373830795288
366,0,22,14,0,0,0,-0.7049692273139954,-0.6744897365570068,0.030479490756988525
367,0,22,15,0,0,0,-0.49930432438850403,-0.6744897365570068,0.1751854121685028
368,0,23,0,1,1,0,0.07784489542245865,0.6744897365570068,0.5966448411345482
369,0,23,1,0,0,0,-0.7222864627838135,-0.6744897365570068,0.04779672622680664
370,0,23,2,1,0,1,-0.3691239655017853,0.6744897365570068,1.0436137020587921
371,0,23,3,0,0,0,-0.930152952671051,-0.6744897365570068,0.2556632161140442
372,0,23,4,0,0,0,-1.4215760231018066,-0.6744897365570068,0.7470862865447998
373,0,23,5,0,0,0,-1.0639418363571167,-0.6744897365570068,0.38945209980010986
374,0,23,6,1,0,1,-0.2906897962093353,0.6744897365570068,0.9651795327663422
375,0,23,7,1,0,1,-0.4735383093357086,0.6744897365570068,1.1480280458927155
376,0,23,8,1,0,1,-0.13267552852630615,0.6744897365570068,0.807165265083313
377,0,23,9,1,0,1,-0.2225472331047058,0.6744897365570068,0.8970369696617126
378,0,23,10,0,0,0,-1.3299843072891235,-0.6744897365570068,0.6554945707321167
379,0,23,11,0,0,0,-1.4131489992141724,-0.6744897365570068,0.7386592626571655
380,0,23,12,0,0,0,-0.96430903673172,-0.6744897365570068,0.28981930017471313
381,0,23,13,0,0,0,-0.8909521698951721,-0.6744897365570068,0.21646243333816528
382,0,23,14,1,1,0,0.13705158233642578,0.6744897365570068,0.537438154220581
383,0,23,15,0,0,0,-0.8495568633079529,-0.6744897365570068,0.17506712675094604
384,0,24,0,1,1,0,0.16179560124874115,0.6744897365570068,0.5126941353082657
385,0,24,1,0,0,0,-1.6324682235717773,-0.6744897365570068,0.9579784870147705
386,0,24,2,0,0,0,-1.4065049886703491,-0.6744897365570068,0.7320152521133423
387,0,24,3,0,0,0,-0.500834047794342,-0.6744897365570068,0.1736556887626648
388,0,24,4,1,1,0,0.5006720423698425,0.6744897365570068,0.1738176941871643
389,0,24,5,0,0,0,-1.2318823337554932,-0.6744897365570068,0.5573925971984863
390,0,24,6,0,0,0,-1.7899019718170166,-0.6744897365570068,1.1154122352600098
391,0,24,7,0,0,0,-1.9474378824234009,-0.6744897365570068,1.272948145866394
392,0,24,8,0,0,0,-1.2919838428497314,-0.6744897365570068,0.6174941062927246
393,0,24,9,1,1,0,0.2052387148141861,0.6744897365570068,0.46925102174282074
394,0,24,10,0,0,0,-1.103721022605896,-0.6744897365570068,0.42923128604888916
395,0,24,11,0,0,0,-1.165453314781189,-0.6744897365570068,0.49096357822418213
396,0,24,12,1,0,1,-0.08451498299837112,0.6744897365570068,0.759004719555378
397,0,24,13,1,1,0,0.18228207528591156,0.6744897365570068,0.4922076612710953
398,0,24,14,1,1,0,0.36888259649276733,0.6744897365570068,0.3056071400642395
399,0,24,15,0,0,0,-0.26081299781799316,-0.6744897365570068,0.41367673873901367
400,0,25,0,0,0,0,-0.8041627407073975,-0.6744897365570068,0.12967300415039062
401,0,25,1,1,1,0,0.9957481622695923,0.6744897365570068,0.32125842571258545
402,0,25,2,1,1,0,0.8555925488471985,0.6744897365570068,0.18110281229019165
403,0,25,3,0,1,1,0.062269389629364014,-0.6744897365570068,0.7367591261863708
404,0,25,4,0,0,0,-0.09652114659547806,-0.6744897365570068,0.5779685899615288
405,0,25,5,1,1,0,0.5048695206642151,0.6744897365570068,0.16962021589279175
406,0,25,6,0,0,0,-0.9108785390853882,-0.6744897365570068,0.23638880252838135
407,0,25,7,0,0,0,-0.6885685324668884,-0.6744897365570068,0.014078795909881592
408,0,25,8,0,0,0,-1.1256909370422363,-0.6744897365570068,0.4512012004852295
409,0,25,9,1,0,1,-0.2536395192146301,0.6744897365570068,0.928129255771637
410,0,25,10,1,1,0,0.23504264652729034,0.6744897365570068,0.4394470900297165
411,0,25,11,1,1,0,0.3653317391872406,0.6744897365570068,0.30915799736976624
412,0,25,12,1,1,0,0.3963027894496918,0.6744897365570068,0.27818694710731506
413,0,25,13,0,0,0,-0.8476009368896484,-0.6744897365570068,0.1731112003326416
414,0,25,14,1,1,0,0.0483812540769577,0.6744897365570068,0.6261084824800491
415,0,25,15,1,1,0,0.4879135191440582,0.6744897365570068,0.1865762174129486
416,0,26,0,1,1,0,0.14310631155967712,0.6744897365570068,0.5313834249973297
417,0,26,1,1,1,0,0.4258180856704712,0.6744897365570068,0.24867165088653564
418,0,26,2,0,0,0,-1.2213820219039917,-0.6744897365570068,0.5468922853469849
419,0,26,3,0,0,0,-0.20815572142601013,-0.6744897365570068,0.4663340151309967
420,0,26,4,0,0,0,-0.7885959148406982,-0.6744897365570068,0.1141061782836914
421,0,26,5,1,1,0,0.3671460449695587,0.6744897365570068,0.3073436915874481
422,0,26,6,0,0,0,-0.9315956830978394,-0.6744897365570068,0.2571059465408325
423,0,26,7,1,1,0,0.498335599899292,0.6744897365570068,0.17615413665771484
424,0,26,8,1,1,0,1.121263861656189,0.6744897365570068,0.44677412509918213
425,0,26,9,1,1,0,0.4503338038921356,0.6744897365570068,0.22415593266487122
426,0,26,10,0,0,0,-0.38543209433555603,-0.6744897365570068,0.2890576422214508
427,0,26,11,1,1,0,0.4280773401260376,0.6744897365570068,0.24641239643096924
428,0,26,12,0,0,0,-1.1174384355545044,-0.6744897365570068,0.44294869899749756
429,0,26,13,1,0,1,-0.23675501346588135,0.6744897365570068,0.9112447500228882
430,0,26,14,1,0,1,-0.4682522416114807,0.6744897365570068,1.1427419781684875
431,0,26,15,0,0,0,-0.8287501931190491,-0.6744897365570068,0.15426045656204224
432,0,27,0,0,0,0,-1.3412283658981323,-0.6744897365570068,0.6667386293411255
433,0,27,1,1,1,0,0.703886866569519,0.6744897365570068,0.029397130012512207
434,0,27,2,0,0,0,-0.9788082242012024,-0.6744897365570068,0.30431848764419556
435,0,27,3,0,0,0,-0.1090274229645729,-0.6744897365570068,0.5654623135924339
436,0,27,4,1,1,0,0.710888147354126,0.6744897365570068,0.03639841079711914
437,0,27,5,0,0,0,-0.8453555703163147,-0.6744897365570068,0.17086583375930786
438,0,27,6,1,1,0,0.3052498400211334,0.6744897365570068,0.3692398965358734
439,0,27,7,1,1,0,0.05057961121201515,0.6744897365570068,0.6239101253449917
440,0,27,8,1,1,0,1.109115719795227,0.6744897365570068,0.4346259832382202
441,0,27,9,1,1,0,0.16114762425422668,0.6744897365570068,0.5133421123027802
442,0,27,10,1,1,0,0.2906299829483032,0.6744897365570068,0.3838597536087036
443,0,27,11,0,0,0,-0.7362833023071289,-0.6744897365570068,0.06179356575012207
444,0,27,12,1,1,0,0.05086337402462959,0.6744897365570068,0.6236263625323772
445,0,27,13,0,0,0,-1.417614221572876,-0.6744897365570068,0.7431244850158691
446,0,27,14,1,0,1,-0.1917419731616974,0.6744897365570068,0.8662317097187042
447,0,27,15,1,1,0,0.031474996358156204,0.6744897365570068,0.6430147401988506
448,0,28,0,1,1,0,0.08289611339569092,0.6744897365570068,0.5915936231613159
449,0,28,1,0,0,0,-0.6847787499427795,-0.6744897365570068,0.010289013385772705
450,0,28,2,0,0,0,-0.5240222215652466,-0.6744897365570068,0.15046751499176025
451,0,28,3,0,0,0,-0.23870006203651428,-0.6744897365570068,0.43578967452049255
452,0,28,4,1,1,0,0.008466175757348537,0.6744897365570068,0.6660235607996583
453,0,28,5,0,0,0,-0.6905483603477478,-0.6744897365570068,0.016058623790740967
454,0,28,6,0,0,0,-1.3666996955871582,-0.6744897365570068,0.6922099590301514
455,0,28,7,1,0,1,-0.2822529673576355,0.6744897365570068,0.9567427039146423
456,0,28,8,1,1,0,0.9000065326690674,0.6744897365570068,0.22551679611206055
457,0,28,9,1,0,1,-0.6136482357978821,0.6744897365570068,1.288137972354889
458,0,28,10,0,0,0,-1.424028754234314,-0.6744897365570068,0.7495390176773071
459,0,28,11,0,0,0,-0.7688254117965698,-0.6744897365570068,0.09433567523956299
460,0,28,12,1,0,1,-0.20566599071025848,0.6744897365570068,0.8801557272672653
461,0,28,13,0,0,0,-1.1780465841293335,-0.6744897365570068,0.5035568475723267
462,0,28,14,0,0,0,-1.5192148685455322,-0.6744897365570068,0.8447251319885254
463,0,28,15,0,0,0,-1.4262032508850098,-0.6744897365570068,0.7517135143280029
464,0,29,0,1,0,1,-0.016795361414551735,0.6744897365570068,0.6912850979715586
465,0,29,1,1,1,0,0.6045058369636536,0.6744897365570068,0.06998389959335327
466,0,29,2,1,1,0,0.3778409957885742,0.6744897365570068,0.2966487407684326
467,0,29,3,0,0,0,-0.8202291131019592,-0.6744897365570068,0.1457393765449524
468,0,29,4,1,1,0,0.2744673788547516,0.6744897365570068,0.40002235770225525
469,0,29,5,0,0,0,-1.343934416770935,-0.6744897365570068,0.6694446802139282
470,0,29,6,1,1,0,0.014766611158847809,0.6744897365570068,0.659723125398159
471,0,29,7,1,1,0,0.06876660883426666,0.6744897365570068,0.6057231277227402
472,0,29,8,1,1,0,0.7265045642852783,0.6744897365570068,0.052014827728271484
473,0,29,9,1,1,0,0.2731485962867737,0.6744897365570068,0.40134114027023315
474,0,29,10,0,0,0,-1.0927300453186035,-0.6744897365570068,0.4182403087615967
475,0,29,11,0,0,0,-0.8665353059768677,-0.6744897365570068,0.19204556941986084
476,0,29,12,1,1,0,0.3116048276424408,0.6744897365570068,0.36288490891456604
477,0,29,13,0,0,0,-0.9021092057228088,-0.6744897365570068,0.227619469165802
478,0,29,14,1,0,1,-0.5481715798377991,0.6744897365570068,1.222661316394806
479,0,29,15,0,0,0,-0.9205397963523865,-0.6744897365570068,0.24605005979537964
480,0,30,0,1,1,0,0.10455134510993958,0.6744897365570068,0.5699383914470673
481,0,30,1,1,1,0,0.47137635946273804,0.6744897365570068,0.2031133770942688
482,0,30,2,0,0,0,-0.8142370581626892,-0.6744897365570068,0.13974732160568237
483,0,30,3,1,1,0,0.4898115396499634,0.6744897365570068,0.18467819690704346
484,0,30,4,0,0,0,-0.19129295647144318,-0.6744897365570068,0.48319678008556366
485,0,30,5,0,0,0,-1.1356678009033203,-0.6744897365570068,0.4611780643463135
486,0,30,6,1,1,0,0.3781326413154602,0.6744897365570068,0.29635709524154663
487,0,30,7,0,0,0,-0.8076329827308655,-0.6744897365570068,0.13314324617385864
488,0,30,8,0,0,0,-0.8861844539642334,-0.6744897365570068,0.21169471740722656
489,0,30,9,1,1,0,0.08458782732486725,0.6744897365570068,0.5899019092321396
490,0,30,10,0,0,0,-1.0446501970291138,-0.6744897365570068,0.37016046047210693
491,0,30,11,1,1,0,0.22509784996509552,0.6744897365570068,0.4493918865919113
492,0,30,12,1,1,0,0.2839697003364563,0.6744897365570068,0.39052003622055054
493,0,30,13,0,0,0,-1.5347881317138672,-0.6744897365570068,0.8602983951568604
494,0,30,14,0,0,0,-1.3997424840927124,-0.6744897365570068,0.7252527475357056
495,0,30,15,1,0,1,-0.21026383340358734,0.6744897365570068,0.8847535699605942
496,0,31,0,1,1,0,0.7473218441009521,0.6744897365570068,0.07283210754394531
497,0,31,1,0,0,0,-1.5524101257324219,-0.6744897365570068,0.877920389175415
498,0,31,2,1,1,0,0.6772484183311462,0.6744897365570068,0.0027586817741394043
499,0,31,3,0,0,0,-0.30858105421066284,-0.6744897365570068,0.365908682346344
500,0,31,4,1,1,0,0.6116387248039246,0.6744897365570068,0.06285101175308228
501,0,31,5,0,0,0,-1.198410153388977,-0.6744897365570068,0.5239204168319702
502,0,31,6,1,1,0,0.1915794312953949,0.6744897365570068,0.48291030526161194
503,0,31,7,1,1,0,0.08873991668224335,0.6744897365570068,0.5857498198747635
504,0,31,8,1,1,0,0.4984399676322937,0.6744897365570068,0.17604976892471313
505,0,31,9,0,0,0,-1.367396593093872,-0.6744897365570068,0.6929068565368652
506,0,31,10,0,0,0,-1.2678323984146118,-0.6744897365570068,0.593342661857605
507,0,31,11,1,1,0,0.274787038564682,0.6744897365570068,0.39970269799232483
508,0,31,12,1,1,0,0.2462497055530548,0.6744897365570068,0.428240031003952
509,0,31,13,1,1,0,0.17021068930625916,0.6744897365570068,0.5042790472507477
510,0,31,14,0,0,0,-1.600230097770691,-0.6744897365570068,0.9257403612136841
511,0,31,15,0,0,0,-1.0990991592407227,-0.6744897365570068,0.4246094226837158
512,0,32,0,0,0,0,-1.9174480438232422,-0.6744897365570068,1.2429583072662354
513,0,32,1,0,0,0,-1.3306529521942139,-0.6744897365570068,0.656163215637207
514,0,32,2,1,1,0,0.8708907961845398,0.6744897365570068,0.19640105962753296
515,0,32,3,1,1,0,0.9336516261100769,0.6744897365570068,0.25916188955307007
516,0,32,4,0,0,0,-1.0588817596435547,-0.6744897365570068,0.38439202308654785
517,0,32,5,0,0,0,-0.992164671421051,-0.6744897365570068,0.3176749348640442
518,0,32,6,0,0,0,-1.4252073764801025,-0.6744897365570068,0.7507176399230957
519,0,32,7,1,0,1,-0.1328103393316269,0.6744897365570068,0.8073000758886337
520,0,32,8,1,1,0,0.4776642918586731,0.6744897365570068,0.19682544469833374
521,0,32,9,1,1,0,0.11479295045137405,0.6744897365570068,0.5596967861056328
522,0,32,10,1,0,1,-0.05781831592321396,0.6744897365570068,0.7323080524802208
523,0,32,11,0,0,0,-1.0403437614440918,-0.6744897365570068,0.36585402488708496
524,0,32,12,1,0,1,-0.29505714774131775,0.6744897365570068,0.9695468842983246
525,0,32,13,1,0,1,-0.0790669247508049,0.6744897365570068,0.7535566613078117
526,0,32,14,1,0,1,-0.47426673769950867,0.6744897365570068,1.1487564742565155
527,0,32,15,1,1,0,0.33476781845092773,0.6744897365570068,0.3397219181060791
528,0,33,0,0,0,0,-1.2084506750106812,-0.6744897365570068,0.5339609384536743
529,0,33,1,1,1,0,0.4439322352409363,0.6744897365570068,0.23055750131607056
530,0,33,2,1,1,0,0.5301650166511536,0.6744897365570068,0.14432471990585327
531,0,33,3,1,1,0,0.8543891310691833,0.6744897365570068,0.1798993945121765
532,0,33,4,0,0,0,-0.8748167753219604,-0.6744897365570068,0.2003270387649536
533,0,33,5,1,1,0,0.3097378611564636,0.6744897365570068,0.3647518754005432
534,0,33,6,0,0,0,-1.3799138069152832,-0.6744897365570068,0.7054240703582764
535,0,33,7,0,0,0,-1.5115911960601807,-0.6744897365570068,0.8371014595031738
536,0,33,8,1,1,0,0.1945904940366745,0.6744897365570068,0.47989924252033234
537,0,33,9,0,0,0,-1.238775372505188,-0.6744897365570068,0.5642856359481812
538,0,33,10,1,0,1,-0.3388731777667999,0.6744897365570068,1.0133629143238068
539,0,33,11,0,0,0,-0.9987456202507019,-0.6744897365570068,0.32425588369369507
540,0,33,12,0,0,0,-1.573340892791748,-0.6744897365570068,0.8988511562347412
541,0,33,13,0,0,0,-1.9273656606674194,-0.6744897365570068,1.2528759241104126
542,0,33,14,0,0,0,-1.2351397275924683,-0.6744897365570068,0.5606499910354614
543,0,33,15,1,0,1,-0.15684658288955688,0.6744897365570068,0.8313363194465637
544,0,34,0,0,0,0,-0.7127373814582825,-0.6744897365570068,0.038247644901275635
545,0,34,1,1,1,0,0.3326444923877716,0.6744897365570068,0.34184524416923523
546,0,34,2,0,0,0,-0.6464159488677979,-0.6744897365570068,0.028073787689208984
547,0,34,3,0,0,0,-0.8906999826431274,-0.6744897365570068,0.2162102460861206
548,0,34,4,1,1,0,0.4017546772956848,0.6744897365570068,0.272735059261322
549,0,34,5,0,0,0,-1.2133843898773193,-0.6744897365570068,0.5388946533203125
550,0,34,6,1,0,1,-0.002885479712858796,0.6744897365570068,0.6773752162698656
551,0,34,7,0,0,0,-1.3291797637939453,-0.6744897365570068,0.6546900272369385
552,0,34,8,1,1,0,0.10534284263849258,0.6744897365570068,0.5691468939185143
553,0,34,9,1,1,0,0.046780865639448166,0.6744897365570068,0.6277088709175587
554,0,34,10,0,0,0,-1.5901341438293457,-0.6744897365570068,0.9156444072723389
555,0,34,11,0,0,0,-1.1566402912139893,-0.6744897365570068,0.4821505546569824
556,0,34,12,0,0,0,-1.123573660850525,-0.6744897365570068,0.44908392429351807
557,0,34,13,0,0,0,-1.4030215740203857,-0.6744897365570068,0.7285318374633789
558,0,34,14,0,0,0,-1.0630143880844116,-0.6744897365570068,0.3885246515274048
559,0,34,15,0,0,0,-0.9643057584762573,-0.6744897365570068,0.2898160219192505
560,0,35,0,0,0,0,-2.0035948753356934,-0.6744897365570068,1.3291051387786865
561,0,35,1,1,1,0,0.08797125518321991,0.6744897365570068,0.5865184813737869
562,0,35,2,0,0,0,-1.4743844270706177,-0.6744897365570068,0.7998946905136108
563,0,35,3,0,0,0,-1.1510509252548218,-0.6744897365570068,0.47656118869781494
564,0,35,4,1,1,0,0.16985951364040375,0.6744897365570068,0.5046302229166031
565,0,35,5,0,0,0,-1.4761523008346558,-0.6744897365570068,0.8016625642776489
566,0,35,6,0,0,0,-1.4106342792510986,-0.6744897365570068,0.7361445426940918
567,0,35,7,1,0,1,-0.0573725551366806,0.6744897365570068,0.7318622916936874
568,0,35,8,1,1,0,0.26818761229515076,0.6744897365570068,0.4063021242618561
569,0,35,9,1,1,0,0.15028195083141327,0.6744897365570068,0.5242077857255936
570,0,35,10,1,0,1,-0.4116385579109192,0.6744897365570068,1.086128294467926
571,0,35,11,0,0,0,-0.9674597978591919,-0.6744897365570068,0.29297006130218506
572,0,35,12,0,0,0,-1.2879676818847656,-0.6744897365570068,0.6134779453277588
573,0,35,13,0,0,0,-1.078859567642212,-0.6744897365570068,0.4043698310852051
574,0,35,14,0,0,0,-1.188197374343872,-0.6744897365570068,0.5137076377868652
575,0,35,15,0,0,0,-0.5153185129165649,-0.6744897365570068,0.1591712236404419
576,0,36,0,0,0,0,-1.1521304845809937,-0.6744897365570068,0.4776407480239868
577,0,36,1,0,0,0,-1.1529513597488403,-0.6744897365570068,0.4784616231918335
578,0,36,2,0,0,0,-1.648600459098816,-0.6744897365570068,0.9741107225418091
579,0,36,3,0,0,0,-1.3432114124298096,-0.6744897365570068,0.6687216758728027
580,0,36,4,1,0,1,-0.23589177429676056,0.6744897365570068,0.9103815108537674
581,0,36,5,0,0,0,-1.491925597190857,-0.6744897365570068,0.8174358606338501
582,0,36,6,1,0,1,-0.12191206216812134,0.6744897365570068,0.7964017987251282
583,0,36,7,1,0,1,-0.6359732151031494,0.6744897365570068,1.3104629516601562
584,0,36,8,0,0,0,-1.2374815940856934,-0.6744897365570068,0.5629918575286865
585,0,36,9,1,0,1,-0.21780261397361755,0.6744897365570068,0.8922923505306244
586,0,36,10,1,0,1,-0.05889466404914856,0.6744897365570068,0.7333844006061554
587,0,36,11,1,1,0,0.03744382783770561,0.6744897365570068,0.6370459087193012
588,0,36,12,0,0,0,-0.8981539011001587,-0.6744897365570068,0.22366416454315186
589,0,36,13,1,1,0,0.12067045271396637,0.6744897365570068,0.5538192838430405
590,0,36,14,1,0,1,-0.13928255438804626,0.6744897365570068,0.8137722909450531
591,0,36,15,0,0,0,-0.2991168200969696,-0.6744897365570068,0.37537291646003723
592,0,37,0,0,0,0,-0.8464914560317993,-0.6744897365570068,0.17200171947479248
593,0,37,1,0,0,0,-0.7432871460914612,-0.6744897365570068,0.06879740953445435
594,0,37,2,0,0,0,-1.0708978176116943,-0.6744897365570068,0.3964080810546875
595,0,37,3,1,1,0,0.864587128162384,0.6744897365570068,0.1900973916053772
596,0,37,4,1,1,0,0.4469579756259918,0.6744897365570068,0.22753176093101501
597,0,37,5,1,1,0,0.21728944778442383,0.6744897365570068,0.457200288772583
598,0,37,6,1,0,1,-0.1208900734782219,0.6744897365570068,0.7953798100352287
599,0,37,7,0,0,0,-0.8738393783569336,-0.6744897365570068,0.19934964179992676
600,0,37,8,0,0,0,-1.513511300086975,-0.6744897365570068,0.8390215635299683
601,0,37,9,0,0,0,-1.0750553607940674,-0.6744897365570068,0.40056562423706055
602,0,37,10,0,0,0,-1.2020447254180908,-0.6744897365570068,0.527554988861084
603,0,37,11,0,0,0,-1.4007797241210938,-0.6744897365570068,0.7262899875640869
604,0,37,12,1,0,1,-0.18942837417125702,0.6744897365570068,0.8639181107282639
605,0,37,13,0,0,0,-1.456071376800537,-0.6744897365570068,0.7815816402435303
606,0,37,14,1,0,1,-0.03133039548993111,0.6744897365570068,0.7058201320469379
607,0,37,15,0,0,0,-0.7579048275947571,-0.6744897365570068,0.08341509103775024
608,0,38,0,0,0,0,-0.11517129838466644,-0.6744897365570068,0.5593184381723404
609,0,38,1,1,1,0,1.1067413091659546,0.6744897365570068,0.43225157260894775
610,0,38,2,0,1,1,0.5308597683906555,-0.6744897365570068,1.2053495049476624
611,0,38,3,0,0,0,-0.4581443667411804,-0.6744897365570068,0.21634536981582642
612,0,38,4,0,0,0,-0.47409728169441223,-0.6744897365570068,0.2003924548625946
613,0,38,5,0,0,0,-1.064993143081665,-0.6744897365570068,0.3905034065246582
614,0,38,6,0,0,0,-0.7786892056465149,-0.6744897365570068,0.10419946908950806
615,0,38,7,0,0,0,-0.8772374391555786,-0.6744897365570068,0.20274770259857178
616,0,38,8,0,0,0,-1.7409298419952393,-0.6744897365570068,1.0664401054382324
617,0,38,9,1,1,0,2.109929323196411,0.6744897365570068,1.4354395866394043
618,0,38,10,1,1,0,0.5758002400398254,0.6744897365570068,0.0986894965171814
619,0,38,11,0,0,0,-0.8656091094017029,-0.6744897365570068,0.19111937284469604
620,0,38,12,1,1,0,0.17612135410308838,0.6744897365570068,0.49836838245391846
621,0,38,13,0,0,0,-1.2005302906036377,-0.6744897365570068,0.5260405540466309
622,0,38,14,1,0,1,-0.36753007769584656,0.6744897365570068,1.0420198142528534
623,0,38,15,0,0,0,-0.7456399202346802,-0.6744897365570068,0.07115018367767334
624,0,39,0,1,1,0,0.8136193752288818,0.6744897365570068,0.139129638671875
625,0,39,1,0,0,0,-0.880315899848938,-0.6744897365570068,0.20582616329193115
626,0,39,2,1,1,0,0.7918089628219604,0.6744897365570068,0.11731922626495361
627,0,39,3,0,0,0,-1.2265125513076782,-0.6744897365570068,0.5520228147506714
628,0,39,4,0,0,0,-0.8053296208381653,-0.6744897365570068,0.13083988428115845
629,0,39,5,1,1,0,0.8909633159637451,0.6744897365570068,0.21647357940673828
630,0,39,6,1,1,0,0.4567785859107971,0.6744897365570068,0.21771115064620972
631,0,39,7,0,0,0,-0.4147806465625763,-0.6744897365570068,0.25970908999443054
632,0,39,8,1,1,0,0.25458160042762756,0.6744897365570068,0.4199081361293793
633,0,39,9,1,0,1,-0.10482314974069595,0.6744897365570068,0.7793128862977028
634,0,39,10,1,1,0,0.13330014050006866,0.6744897365570068,0.5411895960569382
635,0,39,11,1,1,0,0.34118786454200745,0.6744897365570068,0.3333018720149994
636,0,39,12,0,0,0,-1.0810315608978271,-0.6744897365570068,0.4065418243408203
637,0,39,13,0,0,0,-0.6888870596885681,-0.6744897365570068,0.01439732313156128
638,0,39,14,1,0,1,-0.04888789728283882,0.6744897365570068,0.7233776338398457
639,0,39,15,0,0,0,-0.804896891117096,-0.6744897365570068,0.1304071545600891
640,0,40,0,1,1,0,0.8480733633041382,0.6744897365570068,0.17358362674713135
641,0,40,1,1,1,0,0.044411271810531616,0.6744897365570068,0.6300784647464752
642,0,40,2,1,1,0,0.31026843190193176,0.6744897365570068,0.3642213046550751
643,0,40,3,1,1,0,0.4296450912952423,0.6744897365570068,0.24484464526176453
644,0,40,4,1,0,1,-0.17422252893447876,0.6744897365570068,0.8487122654914856
645,0,40,5,1,1,0,0.23358142375946045,0.6744897365570068,0.4409083127975464
646,0,40,6,1,1,0,0.0328405424952507,0.6744897365570068,0.6416491940617561
647,0,40,7,0,0,0,-1.2024534940719604,-0.6744897365570068,0.5279637575149536
648,0,40,8,1,1,0,0.5335316061973572,0.6744897365570068,0.14095813035964966
649,0,40,9,0,0,0,-0.5218619108200073,-0.6744897365570068,0.1526278257369995
650,0,40,10,0,0,0,-0.7410877346992493,-0.6744897365570068,0.06659799814224243
651,0,40,11,1,1,0,0.3815747797489166,0.6744897365570068,0.2929149568080902
652,0,40,12,0,0,0,-1.0542372465133667,-0.6744897365570068,0.37974750995635986
653,0,40,13,0,0,0,-0.9672651886940002,-0.6744897365570068,0.2927754521369934
654,0,40,14,0,0,0,-1.1951974630355835,-0.6744897365570068,0.5207077264785767
655,0,40,15,0,0,0,-0.6724864840507507,-0.6744897365570068,0.0020032525062561035
656,0,41,0,0,1,1,0.3882408142089844,-0.6744897365570068,1.0627305507659912
657,0,41,1,1,1,0,0.7071909308433533,0.6744897365570068,0.032701194286346436
658,0,41,2,0,0,0,-1.1361891031265259,-0.6744897365570068,0.46169936656951904
659,0,41,3,1,1,0,0.1833573430776596,0.6744897365570068,0.49113239347934723
660,0,41,4,1,0,1,-0.05116235837340355,0.6744897365570068,0.7256520949304104
661,0,41,5,1,0,1,-0.2886132001876831,0.6744897365570068,0.9631029367446899
662,0,41,6,0,0,0,-1.3139913082122803,-0.6744897365570068,0.6395015716552734
663,0,41,7,0,0,0,-0.7017265558242798,-0.6744897365570068,0.02723681926727295
664,0,41,8,0,0,0,-0.9765685200691223,-0.6744897365570068,0.3020787835121155
665,0,41,9,1,0,1,-0.08584791421890259,0.6744897365570068,0.7603376507759094
666,0,41,10,0,0,0,-0.942091166973114,-0.6744897365570068,0.2676014304161072
667,0,41,11,1,1,0,0.11129210144281387,0.6744897365570068,0.563197635114193
668,0,41,12,0,0,0,-1.096671462059021,-0.6744897365570068,0.42218172550201416
669,0,41,13,0,0,0,-1.0344303846359253,-0.6744897365570068,0.35994064807891846
670,0,41,14,1,0,1,-0.07381783425807953,0.6744897365570068,0.7483075708150864
671,0,41,15,0,0,0,-0.9598286151885986,-0.6744897365570068,0.2853388786315918
672,0,42,0,1,1,0,1.140042781829834,0.6744897365570068,0.46555304527282715
673,0,42,1,1,1,0,0.9859946966171265,0.6744897365570068,0.31150496006011963
674,0,42,2,1,1,0,0.8320836424827576,0.6744897365570068,0.15759390592575073
675,0,42,3,1,1,0,0.1616075187921524,0.6744897365570068,0.5128822177648544
676,0,42,4,1,0,1,-0.2972978949546814,0.6744897365570068,0.9717876315116882
677,0,42,5,1,0,1,-0.053884755820035934,0.6744897365570068,0.7283744923770428
678,0,42,6,0,0,0,-1.132843255996704,-0.6744897365570068,0.45835351943969727
679,0,42,7,0,0,0,-0.8379982113838196,-0.6744897365570068,0.16350847482681274
680,0,42,8,1,1,0,0.41694092750549316,0.6744897365570068,0.25754880905151367
681,0,42,9,1,0,1,-0.002017878694459796,0.6744897365570068,0.6765076152514666
682,0,42,10,1,0,1,-0.16205435991287231,0.6744897365570068,0.8365440964698792
683,0,42,11,1,1,0,0.2463252693414688,0.6744897365570068,0.428164467215538
684,0,42,12,1,1,0,0.05438922718167305,0.6744897365570068,0.6201005093753338
685,0,42,13,0,0,0,-1.339497447013855,-0.6744897365570068,0.6650077104568481
686,0,42,14,0,0,0,-1.264303207397461,-0.6744897365570068,0.5898134708404541
687,0,42,15,1,1,0,0.2023184448480606,0.6744897365570068,0.47217129170894623
688,0,43,0,0,0,0,-0.10187949985265732,-0.6744897365570068,0.5726102367043495
689,0,43,1,1,1,0,0.8978690505027771,0.6744897365570068,0.22337931394577026
690,0,43,2,1,1,0,0.9016960859298706,0.6744897365570068,0.22720634937286377
691,0,43,3,1,0,1,-0.06048091500997543,0.6744897365570068,0.7349706515669823
692,0,43,4,0,0,0,-1.4508570432662964,-0.6744897365570068,0.7763673067092896
693,0,43,5,1,0,1,-0.14393477141857147,0.6744897365570068,0.8184245079755783
694,0,43,6,0,0,0,-0.8458760976791382,-0.6744897365570068,0.17138636112213135
695,0,43,7,1,1,0,0.6225162744522095,0.6744897365570068,0.05197346210479736
696,0,43,8,0,0,0,-0.4845113456249237,-0.6744897365570068,0.18997839093208313
697,0,43,9,0,0,0,-1.069927453994751,-0.6744897365570068,0.39543771743774414
698,0,43,10,1,1,0,0.5012699961662292,0.6744897365570068,0.1732197403907776
699,0,43,11,0,0,0,-1.1892471313476562,-0.6744897365570068,0.5147573947906494
700,0,43,12,0,0,0,-1.125738263130188,-0.6744897365570068,0.45124852657318115
701,0,43,13,1,1,0,0.20000918209552765,0.6744897365570068,0.4744805544614792
702,0,43,14,1,1,0,0.008636869490146637,0.6744897365570068,0.6658528670668602
703,0,43,15,0,0,0,-0.8130311965942383,-0.6744897365570068,0.13854146003723145
704,0,44,0,0,0,0,-0.07234899699687958,-0.6744897365570068,0.6021407395601273
705,0,44,1,1,1,0,1.0644941329956055,0.6744897365570068,0.39000439643859863
706,0,44,2,1,1,0,0.5444940328598022,0.6744897365570068,0.1299957036972046
707,0,44,3,1,1,0,0.07170971482992172,0.6744897365570068,0.6027800217270851
708,0,44,4,0,0,0,-0.9245538115501404,-0.6744897365570068,0.25006407499313354
709,0,44,5,0,0,0,-1.4079813957214355,-0.6744897365570068,0.7334916591644287
710,0,44,6,0,0,0,-1.5586851835250854,-0.6744897365570068,0.8841954469680786
711,0,44,7,1,1,0,0.3139975965023041,0.6744897365570068,0.36049214005470276
712,0,44,8,1,1,0,0.8568918108940125,0.6744897365570068,0.18240207433700562
713,0,44,9,0,0,0,-0.6835390329360962,-0.6744897365570068,0.009049296379089355
714,0,44,10,0,0,0,-0.7068946957588196,-0.6744897365570068,0.032404959201812744
715,0,44,11,1,0,1,-0.026970645412802696,0.6744897365570068,0.7014603819698095
716,0,44,12,1,1,0,0.1703346222639084,0.6744897365570068,0.5041551142930984
717,0,44,13,1,1,0,0.27867385745048523,0.6744897365570068,0.3958158791065216
718,0,44,14,1,0,1,-0.5095056891441345,0.6744897365570068,1.1839954257011414
719,0,44,15,1,1,0,0.5085619688034058,0.6744897365570068,0.16592776775360107
720,0,45,0,1,1,0,1.3089792728424072,0.6744897365570068,0.6344895362854004
721,0,45,1,0,0,0,-0.21534550189971924,-0.6744897365570068,0.4591442346572876
722,0,45,2,1,1,0,0.6721819639205933,0.6744897365570068,0.0023077726364135742
723,0,45,3,0,0,0,-1.1753007173538208,-0.6744897365570068,0.500810980796814
724,0,45,4,1,1,0,0.0059525249525904655,0.6744897365570068,0.6685372116044164
725,0,45,5,1,1,0,0.08008238673210144,0.6744897365570068,0.5944073498249054
726,0,45,6,0,0,0,-1.2511032819747925,-0.6744897365570068,0.5766135454177856
727,0,45,7,1,0,1,-0.2875346839427948,0.6744897365570068,0.9620244204998016
728,0,45,8,0,0,0,-1.1948539018630981,-0.6744897365570068,0.5203641653060913
729,0,45,9,0,0,0,-0.8702720403671265,-0.6744897365570068,0.19578230381011963
730,0,45,10,1,1,0,0.4732474684715271,0.6744897365570068,0.20124226808547974
731,0,45,11,0,0,0,-1.1843817234039307,-0.6744897365570068,0.5098919868469238
732,0,45,12,1,1,0,0.20761972665786743,0.6744897365570068,0.4668700098991394
733,0,45,13,0,0,0,-1.326740026473999,-0.6744897365570068,0.6522502899169922
734,0,45,14,0,0,0,-1.526877522468567,-0.6744897365570068,0.8523877859115601
735,0,45,15,1,0,1,-0.004809857811778784,0.6744897365570068,0.6792995943687856
736,0,46,0,1,1,0,1.3974751234054565,0.6744897365570068,0.7229853868484497
737,0,46,1,0,1,1,0.4712899327278137,-0.6744897365570068,1.1457796692848206
738,0,46,2,1,1,0,1.0210227966308594,0.6744897365570068,0.34653306007385254
739,0,46,3,1,1,0,0.8894768357276917,0.6744897365570068,0.21498709917068481
740,0,46,4,0,0,0,-0.4687550961971283,-0.6744897365570068,0.20573464035987854
741,0,46,5,0,0,0,-0.7369540929794312,-0.6744897365570068,0.062464356422424316
742,0,46,6,0,0,0,-1.2315746545791626,-0.6744897365570068,0.5570849180221558
743,0,46,7,0,0,0,-1.2989526987075806,-0.6744897365570068,0.6244629621505737
744,0,46,8,1,1,0,0.11039406061172485,0.6744897365570068,0.564095675945282
745,0,46,9,1,0,1,-0.09423363208770752,0.6744897365570068,0.7687233686447144
746,0,46,10,1,0,1,-0.10327059775590897,0.6744897365570068,0.7777603343129158
747,0,46,11,1,1,0,0.46094179153442383,0.6744897365570068,0.213547945022583
748,0,46,12,1,0,1,-0.1334952861070633,0.6744897365570068,0.8079850226640701
749,0,46,13,1,1,0,0.04448683559894562,0.6744897365570068,0.6300029009580612
750,0,46,14,1,0,1,-0.7448103427886963,0.6744897365570068,1.4193000793457031
751,0,46,15,1,0,1,-0.03324716165661812,0.6744897365570068,0.707736898213625
752,0,47,0,1,1,0,1.4152096509933472,0.6744897365570068,0.7407199144363403
753,0,47,1,1,1,0,1.1243237257003784,0.6744897365570068,0.4498339891433716
754,0,47,2,1,1,0,0.5162975788116455,0.6744897365570068,0.15819215774536133
755,0,47,3,1,1,0,0.6845729947090149,0.6744897365570068,0.010083258152008057
756,0,47,4,0,0,0,-0.5301114916801453,-0.6744897365570068,0.14437824487686157
757,0,47,5,0,0,0,-0.6417162418365479,-0.6744897365570068,0.032773494720458984
758,0,47,6,1,1,0,0.7684190273284912,0.6744897365570068,0.09392929077148438
759,0,47,7,0,0,0,-1.1682322025299072,-0.6744897365570068,0.4937424659729004
760,0,47,8,1,1,0,0.23794226348400116,0.6744897365570068,0.4365474730730057
761,0,47,9,1,1,0,0.12405496835708618,0.6744897365570068,0.5504347681999207
762,0,47,10,0,0,0,-1.18068528175354,-0.6744897365570068,0.5061955451965332
763,0,47,11,0,0,0,-1.236163854598999,-0.6744897365570068,0.5616741180419922
764,0,47,12,1,0,1,-0.006766851991415024,0.6744897365570068,0.6812565885484219
765,0,47,13,0,0,0,-1.4077008962631226,-0.6744897365570068,0.7332111597061157
766,0,47,14,0,0,0,-1.7158623933792114,-0.6744897365570068,1.0413726568222046
767,0,47,15,1,1,0,0.41600483655929565,0.6744897365570068,0.2584848999977112
768,0,48,0,0,0,0,-0.27273979783058167,-0.6744897365570068,0.40174993872642517
769,0,48,1,0,0,0,-0.28730908036231995,-0.6744897365570068,0.3871806561946869
770,0,48,2,0,0,0,-0.6424476504325867,-0.6744897365570068,0.032042086124420166
771,0,48,3,0,0,0,-0.8273661732673645,-0.6744897365570068,0.15287643671035767
772,0,48,4,1,1,0,0.2397535741329193,0.6744897365570068,0.4347361624240875
773,0,48,5,1,0,1,-0.16588790714740753,0.6744897365570068,0.8403776437044144
774,0,48,6,1,1,0,0.18144382536411285,0.6744897365570068,0.493045911192894
775,0,48,7,0,0,0,-0.8640342950820923,-0.6744897365570068,0.18954455852508545
776,0,48,8,1,0,1,-0.02468857355415821,0.6744897365570068,0.699178310111165
777,0,48,9,0,0,0,-1.5516574382781982,-0.6744897365570068,0.8771677017211914
778,0,48,10,0,0,0,-1.5479695796966553,-0.6744897365570068,0.8734798431396484
779,0,48,11,0,0,0,-1.549909234046936,-0.6744897365570068,0.8754194974899292
780,0,48,12,0,0,0,-1.5597071647644043,-0.6744897365570068,0.8852174282073975
781,0,48,13,1,0,1,-0.805355429649353,0.6744897365570068,1.4798451662063599
782,0,48,14,0,0,0,-1.8613758087158203,-0.6744897365570068,1.1868860721588135
783,0,48,15,0,0,0,-1.4051481485366821,-0.6744897365570068,0.7306584119796753
784,0,49,0,0,1,1,0.4928806722164154,-0.6744897365570068,1.1673704087734222
785,0,49,1,1,1,0,1.4660813808441162,0.6744897365570068,0.7915916442871094
786,0,49,2,0,0,0,-0.14754651486873627,-0.6744897365570068,0.5269432216882706
787,0,49,3,0,0,0,-0.7525385618209839,-0.6744897365570068,0.07804882526397705
788,0,49,4,1,1,0,0.4918198883533478,0.6744897365570068,0.18266984820365906
789,0,49,5,0,0,0,-0.7832913994789124,-0.6744897365570068,0.10880166292190552
790,0,49,6,1,1,0,0.2765646278858185,0.6744897365570068,0.39792510867118835
791,0,49,7,0,0,0,-2.0006985664367676,-0.6744897365570068,1.3262088298797607
792,0,49,8,0,0,0,-1.0832693576812744,-0.6744897365570068,0.4087796211242676
793,0,49,9,0,0,0,-0.7154543399810791,-0.6744897365570068,0.040964603424072266
794,0,49,10,1,1,0,0.3140019476413727,0.6744897365570068,0.36048778891563416
795,0,49,11,0,0,0,-0.9505578875541687,-0.6744897365570068,0.27606815099716187
796,0,49,12,1,1,0,0.027856729924678802,0.6744897365570068,0.646633006632328
797,0,49,13,0,0,0,-1.2204099893569946,-0.6744897365570068,0.5459202527999878
798,0,49,14,0,0,0,-1.714579463005066,-0.6744897365570068,1.040089726448059
799,0,49,15,1,0,1,-0.28808262944221497,0.6744897365570068,0.9625723659992218
800,0,50,0,1,1,0,1.4070078134536743,0.6744897365570068,0.7325180768966675
801,0,50,1,1,1,0,1.2577298879623413,0.6744897365570068,0.5832401514053345
802,0,50,2,1,1,0,0.3840123414993286,0.6744897365570068,0.2904773950576782
803,0,50,3,1,1,0,0.011780019849538803,0.6744897365570068,0.662709716707468
804,0,50,4,0,0,0,-1.0747427940368652,-0.6744897365570068,0.4002530574798584
805,0,50,5,0,0,0,-1.0865962505340576,-0.6744897365570068,0.4121065139770508
806,0,50,6,0,0,0,-1.397627830505371,-0.6744897365570068,0.7231380939483643
807,0,50,7,1,0,1,-0.146787628531456,0.6744897365570068,0.8212773650884628
808,0,50,8,1,1,0,0.6583068370819092,0.6744897365570068,0.016182899475097656
809,0,50,9,1,1,0,0.06597680598497391,0.6744897365570068,0.6085129305720329
810,0,50,10,0,0,0,-1.0931857824325562,-0.6744897365570068,0.4186960458755493
811,0,50,11,0,0,0,-0.8311160206794739,-0.6744897365570068,0.15662628412246704
812,0,50,12,0,0,0,-0.926755428314209,-0.6744897365570068,0.25226569175720215
813,0,50,13,1,1,0,0.08457586914300919,0.6744897365570068,0.5899138674139977
814,0,50,14,0,0,0,-1.2156175374984741,-0.6744897365570068,0.5411278009414673
815,0,50,15,0,0,0,-1.1308590173721313,-0.6744897365570068,0.4563692808151245
816,0,51,0,0,0,0,-0.3374883830547333,-0.6744897365570068,0.33700135350227356
817,0,51,1,1,1,0,1.2672301530838013,0.6744897365570068,0.5927404165267944
818,0,51,2,0,0,0,-0.9097322821617126,-0.6744897365570068,0.2352425456047058
819,0,51,3,1,1,0,0.20800459384918213,0.6744897365570068,0.4664851427078247
820,0,51,4,1,1,0,0.2750142514705658,0.6744897365570068,0.39947548508644104
821,0,51,5,0,0,0,-1.2693392038345337,-0.6744897365570068,0.5948494672775269
822,0,51,6,1,0,1,-0.30819618701934814,0.6744897365570068,0.982685923576355
823,0,51,7,1,1,0,0.33812952041625977,0.6744897365570068,0.33636021614074707
824,0,51,8,0,0,0,-1.1733834743499756,-0.6744897365570068,0.49889373779296875
825,0,51,9,1,0,1,-0.0906044989824295,0.6744897365570068,0.7650942355394363
826,0,51,10,0,0,0,-1.1055692434310913,-0.6744897365570068,0.4310795068740845
827,0,51,11,0,0,0,-1.3506262302398682,-0.6744897365570068,0.6761364936828613
828,0,51,12,1,1,0,0.03748840466141701,0.6744897365570068,0.6370013318955898
829,0,51,13,0,0,0,-0.7634974718093872,-0.6744897365570068,0.08900773525238037
830,0,51,14,0,0,0,-0.7348046898841858,-0.6744897365570068,0.060314953327178955
831,0,51,15,1,1,0,0.8741350769996643,0.6744897365570068,0.19964534044265747
832,0,52,0,1,1,0,1.2457383871078491,0.6744897365570068,0.5712486505508423
833,0,52,1,0,0,0,-0.4025472402572632,-0.6744897365570068,0.27194249629974365
834,0,52,2,0,0,0,-0.4102151393890381,-0.6744897365570068,0.26427459716796875
835,0,52,3,1,1,0,0.25675225257873535,0.6744897365570068,0.4177374839782715
836,0,52,4,1,1,0,0.5244114398956299,0.6744897365570068,0.15007829666137695
837,0,52,5,1,0,1,-0.07592051476240158,0.6744897365570068,0.7504102513194084
838,0,52,6,0,0,0,-2.006552219390869,-0.6744897365570068,1.3320624828338623
839,0,52,7,1,0,1,-0.3025904893875122,0.6744897365570068,0.977080225944519
840,0,52,8,1,1,0,0.2285986989736557,0.6744897365570068,0.44589103758335114
841,0,52,9,1,0,1,-0.026732545346021652,0.6744897365570068,0.7012222819030285
842,0,52,10,0,0,0,-1.6069316864013672,-0.6744897365570068,0.9324419498443604
843,0,52,11,0,0,0,-1.2996052503585815,-0.6744897365570068,0.6251155138015747
844,0,52,12,0,0,0,-1.1052278280258179,-0.6744897365570068,0.43073809146881104
845,0,52,13,1,1,0,0.23021431267261505,0.6744897365570068,0.4442754238843918
846,0,52,14,0,0,0,-1.0644816160202026,-0.6744897365570068,0.3899918794631958
847,0,52,15,0,0,0,-0.6245139241218567,-0.6744897365570068,0.049975812435150146
848,0,53,0,0,0,0,-0.4245259165763855,-0.6744897365570068,0.24996381998062134
849,0,53,1,0,0,0,-0.3897398114204407,-0.6744897365570068,0.28474992513656616
850,0,53,2,1,1,0,0.6505827307701111,0.6744897365570068,0.023907005786895752
851,0,53,3,0,0,0,-0.8376110196113586,-0.6744897365570068,0.1631212830543518
852,0,53,4,1,1,0,0.49017927050590515,0.6744897365570068,0.18431046605110168
853,0,53,5,1,1,0,0.1144428625702858,0.6744897365570068,0.560046873986721
854,0,53,6,1,0,1,-0.5628446936607361,0.6744897365570068,1.237334430217743
855,0,53,7,1,1,0,0.5467342734336853,0.6744897365570068,0.12775546312332153
856,0,53,8,1,0,1,-0.20272722840309143,0.6744897365570068,0.8772169649600983
857,0,53,9,1,0,1,-1.036441683769226,0.6744897365570068,1.710931420326233
858,0,53,10,0,0,0,-1.335516095161438,-0.6744897365570068,0.6610263586044312
859,0,53,11,1,1,0,0.03870934993028641,0.6744897365570068,0.6357803866267204
860,0,53,12,1,0,1,-0.016499638557434082,0.6744897365570068,0.6909893751144409
861,0,53,13,1,1,0,0.06445252895355225,0.6744897365570068,0.6100372076034546
862,0,53,14,1,0,1,-0.007869292050600052,0.6744897365570068,0.6823590286076069
863,0,53,15,1,1,0,0.2588483989238739,0.6744897365570068,0.41564133763313293
864,0,54,0,1,1,0,1.1917222738265991,0.6744897365570068,0.5172325372695923
865,0,54,1,0,0,0,-0.8858678340911865,-0.6744897365570068,0.2113780975341797
866,0,54,2,1,1,0,0.12191437184810638,0.6744897365570068,0.5525753647089005
867,0,54,3,1,1,0,0.4879026412963867,0.6744897365570068,0.18658709526062012
868,0,54,4,1,1,0,0.5277916193008423,0.6744897365570068,0.14669811725616455
869,0,54,5,1,1,0,0.9073926210403442,0.6744897365570068,0.2329028844833374
870,0,54,6,0,0,0,-0.5479328036308289,-0.6744897365570068,0.12655693292617798
871,0,54,7,0,0,0,-0.9016080498695374,-0.6744897365570068,0.22711831331253052
872,0,54,8,0,1,1,0.10605279356241226,-0.6744897365570068,0.7805425301194191
873,0,54,9,1,0,1,-0.013565233908593655,0.6744897365570068,0.6880549704656005
874,0,54,10,1,1,0,0.7133734226226807,0.6744897365570068,0.03888368606567383
875,0,54,11,0,0,0,-0.8603072762489319,-0.6744897365570068,0.18581753969192505
876,0,54,12,1,1,0,0.39970526099205017,0.6744897365570068,0.27478447556495667
877,0,54,13,0,0,0,-1.2183583974838257,-0.6744897365570068,0.5438686609268188
878,0,54,14,0,0,0,-1.1148910522460938,-0.6744897365570068,0.4404013156890869
879,0,54,15,0,0,0,-0.9029051065444946,-0.6744897365570068,0.2284153699874878
880,0,55,0,1,1,0,0.47075122594833374,0.6744897365570068,0.2037385106086731
881,0,55,1,1,1,0,0.6294637322425842,0.6744897365570068,0.04502600431442261
882,0,55,2,0,0,0,-0.9843823909759521,-0.6744897365570068,0.3098926544189453
883,0,55,3,0,1,1,0.19854198396205902,-0.6744897365570068,0.8730317205190659
884,0,55,4,0,0,0,-0.7623733282089233,-0.6744897365570068,0.0878835916519165
885,0,55,5,0,0,0,-0.43557804822921753,-0.6744897365570068,0.2389116883277893
886,0,55,6,1,1,0,1.179019570350647,0.6744897365570068,0.5045298337936401
887,0,55,7,0,1,1,1.3617832660675049,-0.6744897365570068,2.0362730026245117
888,0,55,8,1,0,1,-0.11217275261878967,0.6744897365570068,0.7866624891757965
889,0,55,9,0,0,0,-1.0655864477157593,-0.6744897365570068,0.39109671115875244
890,0,55,10,0,0,0,-0.42172497510910034,-0.6744897365570068,0.2527647614479065
891,0,55,11,0,0,0,-0.8730078935623169,-0.6744897365570068,0.19851815700531006
892,0,55,12,0,0,0,-1.0526200532913208,-0.6744897365570068,0.37813031673431396
893,0,55,13,1,1,0,0.33861061930656433,0.6744897365570068,0.3358791172504425
894,0,55,14,0,0,0,-1.308274745941162,-0.6744897365570068,0.6337850093841553
895,0,55,15,0,0,0,-0.9181652665138245,-0.6744897365570068,0.24367552995681763
896,0,56,0,1,1,0,0.12673062086105347,0.6744897365570068,0.5477591156959534
897,0,56,1,1,1,0,0.545264482498169,0.6744897365570068,0.1292252540588379
898,0,56,2,0,0,0,-0.31398725509643555,-0.6744897365570068,0.3605024814605713
899,0,56,3,1,1,0,0.9647417664527893,0.6744897365570068,0.29025202989578247
900,0,56,4,1,1,0,0.7713857889175415,0.6744897365570068,0.09689605236053467
901,0,56,5,1,1,0,0.9194065928459167,0.6744897365570068,0.2449168562889099
902,0,56,6,0,0,0,-0.3862316310405731,-0.6744897365570068,0.2882581055164337
903,0,56,7,1,1,0,0.47827422618865967,0.6744897365570068,0.19621551036834717
904,0,56,8,0,0,0,-0.8929281830787659,-0.6744897365570068,0.21843844652175903
905,0,56,9,1,1,0,0.5044218301773071,0.6744897365570068,0.1700679063796997
906,0,56,10,1,1,0,0.301455557346344,0.6744897365570068,0.37303417921066284
907,0,56,11,0,0,0,-0.8279160261154175,-0.6744897365570068,0.15342628955841064
908,0,56,12,0,0,0,-0.7203294634819031,-0.6744897365570068,0.04583972692489624
909,0,56,13,0,0,0,-1.0766948461532593,-0.6744897365570068,0.40220510959625244
910,0,56,14,1,1,0,0.01769123040139675,0.6744897365570068,0.6567985061556101
911,0,56,15,1,1,0,0.5321155190467834,0.6744897365570068,0.1423742175102234
912,0,57,0,1,1,0,0.6181971430778503,0.6744897365570068,0.056292593479156494
913,0,57,1,0,0,0,-0.8135713934898376,-0.6744897365570068,0.1390816569328308
914,0,57,2,1,1,0,0.9629330039024353,0.6744897365570068,0.28844326734542847
915,0,57,3,1,1,0,0.7164770364761353,0.6744897365570068,0.04198729991912842
916,0,57,4,1,1,0,0.7128162384033203,0.6744897365570068,0.03832650184631348
917,0,57,5,1,1,0,0.7761141061782837,0.6744897365570068,0.10162436962127686
918,0,57,6,0,0,0,-0.6978893876075745,-0.6744897365570068,0.023399651050567627
919,0,57,7,0,0,0,-0.5570666193962097,-0.6744897365570068,0.11742311716079712
920,0,57,8,1,1,0,0.1459798365831375,0.6744897365570068,0.5285098999738693
921,0,57,9,1,0,1,-0.05577651783823967,0.6744897365570068,0.7302662543952465
922,0,57,10,0,0,0,-0.7258372902870178,-0.6744897365570068,0.051347553730010986
923,0,57,11,0,0,0,-1.043461799621582,-0.6744897365570068,0.3689720630645752
924,0,57,12,1,0,1,-0.13120342791080475,0.6744897365570068,0.8056931644678116
925,0,57,13,0,0,0,-1.8146536350250244,-0.6744897365570068,1.1401638984680176
926,0,57,14,1,0,1,-0.3736424446105957,0.6744897365570068,1.0481321811676025
927,0,57,15,1,0,1,-0.36273545026779175,0.6744897365570068,1.0372251868247986
928,0,58,0,0,0,0,-1.84683096408844,-0.6744897365570068,1.172341227531433
929,0,58,1,1,1,0,0.3116035461425781,0.6744897365570068,0.3628861904144287
930,0,58,2,1,0,1,-0.012246436439454556,0.6744897365570068,0.6867361729964614
931,0,58,3,1,1,0,0.4260996878147125,0.6744897365570068,0.2483900487422943
932,0,58,4,0,0,0,-0.8146750926971436,-0.6744897365570068,0.14018535614013672
933,0,58,5,0,0,0,-0.7831674814224243,-0.6744897365570068,0.10867774486541748
934,0,58,6,0,0,0,-1.089565396308899,-0.6744897365570068,0.4150756597518921
935,0,58,7,1,1,0,0.11149650067090988,0.6744897365570068,0.562993235886097
936,0,58,8,1,0,1,-0.16178038716316223,0.6744897365570068,0.8362701237201691
937,0,58,9,1,1,0,0.025164775550365448,0.6744897365570068,0.6493249610066414
938,0,58,10,0,0,0,-1.2515088319778442,-0.6744897365570068,0.5770190954208374
939,0,58,11,0,0,0,-1.0786757469177246,-0.6744897365570068,0.4041860103607178
940,0,58,12,1,0,1,-0.0387028269469738,0.6744897365570068,0.7131925635039806
941,0,58,13,1,1,0,0.10911766439676285,0.6744897365570068,0.565372072160244
942,0,58,14,1,1,0,0.4195448160171509,0.6744897365570068,0.25494492053985596
943,0,58,15,1,1,0,0.06915149092674255,0.6744897365570068,0.6053382456302643
944,0,59,0,0,0,0,-0.8342776298522949,-0.6744897365570068,0.15978789329528809
945,0,59,1,1,1,0,0.45746487379074097,0.6744897365570068,0.21702486276626587
946,0,59,2,0,0,0,-0.8643153309822083,-0.6744897365570068,0.18982559442520142
947,0,59,3,0,0,0,-0.6821908950805664,-0.6744897365570068,0.00770115852355957
948,0,59,4,1,1,0,0.6439387202262878,0.6744897365570068,0.030551016330718994
949,0,59,5,1,1,0,0.7298687100410461,0.6744897365570068,0.05537897348403931
950,0,59,6,0,0,0,-1.199947476387024,-0.6744897365570068,0.5254577398300171
951,0,59,7,0,0,0,-0.9618160724639893,-0.6744897365570068,0.2873263359069824
952,0,59,8,1,1,0,0.4372469186782837,0.6744897365570068,0.23724281787872314
953,0,59,9,1,1,0,0.18224619328975677,0.6744897365570068,0.49224354326725006
954,0,59,10,0,0,0,-1.2824575901031494,-0.6744897365570068,0.6079678535461426
955,0,59,11,0,0,0,-1.0911831855773926,-0.6744897365570068,0.41669344902038574
956,0,59,12,1,0,1,-0.0690079778432846,0.6744897365570068,0.7434977144002914
957,0,59,13,1,0,1,-0.08103479444980621,0.6744897365570068,0.755524531006813
958,0,59,14,0,0,0,-0.6320950984954834,-0.6744897365570068,0.04239463806152344
959,0,59,15,0,0,0,-0.8827034831047058,-0.6744897365570068,0.20821374654769897
960,0,60,0,1,0,1,-0.5826038122177124,0.6744897365570068,1.2570935487747192
961,0,60,1,1,1,0,0.2614653408527374,0.6744897365570068,0.4130243957042694
962,0,60,2,1,0,1,-0.30998358130455017,0.6744897365570068,0.984473317861557
963,0,60,3,0,0,0,-1.2552510499954224,-0.6744897365570068,0.5807613134384155
964,0,60,4,1,1,0,0.2743206024169922,0.6744897365570068,0.40016913414001465
965,0,60,5,1,1,0,0.7783793210983276,0.6744897365570068,0.1038895845413208
966,0,60,6,0,0,0,-1.2881916761398315,-0.6744897365570068,0.6137019395828247
967,0,60,7,1,1,0,0.3105924129486084,0.6744897365570068,0.36389732360839844
968,0,60,8,1,1,0,0.22776153683662415,0.6744897365570068,0.4467281997203827
969,0,60,9,0,0,0,-1.0185786485671997,-0.6744897365570068,0.34408891201019287
970,0,60,10,1,0,1,-0.07161512970924377,0.6744897365570068,0.7461048662662506
971,0,60,11,0,0,0,-1.1298218965530396,-0.6744897365570068,0.4553321599960327
972,0,60,12,0,0,0,-1.2434285879135132,-0.6744897365570068,0.5689388513565063
973,0,60,13,0,0,0,-1.068254828453064,-0.6744897365570068,0.39376509189605713
974,0,60,14,0,0,0,-0.9816186428070068,-0.6744897365570068,0.30712890625
975,0,60,15,0,0,0,-0.7727660536766052,-0.6744897365570068,0.09827631711959839
976,0,61,0,0,0,0,-0.9222663044929504,-0.6744897365570068,0.2477765679359436
977,0,61,1,0,0,0,-0.7514358758926392,-0.6744897365570068,0.07694613933563232
978,0,61,2,1,0,1,-0.11994636803865433,0.6744897365570068,0.7944361045956612
979,0,61,3,1,1,0,0.18669292330741882,0.6744897365570068,0.487796813249588
980,0,61,4,0,0,0,-1.1539244651794434,-0.6744897365570068,0.4794347286224365
981,0,61,5,0,0,0,-1.0099809169769287,-0.6744897365570068,0.3354911804199219
982,0,61,6,1,1,0,0.27674293518066406,0.6744897365570068,0.3977468013763428
983,0,61,7,0,0,0,-0.926532506942749,-0.6744897365570068,0.2520427703857422
984,0,61,8,1,0,1,-0.2564750015735626,0.6744897365570068,0.9309647381305695
985,0,61,9,1,0,1,-0.026849964633584023,0.6744897365570068,0.7013397011905909
986,0,61,10,0,0,0,-1.5194953680038452,-0.6744897365570068,0.8450056314468384
987,0,61,11,0,0,0,-1.0286223888397217,-0.6744897365570068,0.35413265228271484
988,0,61,12,1,0,1,-0.1744638830423355,0.6744897365570068,0.8489536195993423
989,0,61,13,1,0,1,-0.23278993368148804,0.6744897365570068,0.9072796702384949
990,0,61,14,0,0,0,-0.8612189292907715,-0.6744897365570068,0.18672919273376465
991,0,61,15,1,1,0,0.35281676054000854,0.6744897365570068,0.3216729760169983
992,0,62,0,1,0,1,-0.4157417416572571,0.6744897365570068,1.090231478214264
993,0,62,1,0,0,0,-0.237705796957016,-0.6744897365570068,0.43678393959999084
994,0,62,2,1,1,0,0.4741640090942383,0.6744897365570068,0.20032572746276855
995,0,62,3,0,0,0,-1.1288825273513794,-0.6744897365570068,0.45439279079437256
996,0,62,4,0,0,0,-1.0067992210388184,-0.6744897365570068,0.3323094844818115
997,0,62,5,1,1,0,0.15613771975040436,0.6744897365570068,0.5183520168066025
998,0,62,6,0,0,0,-1.5038219690322876,-0.6744897365570068,0.8293322324752808
999,0,62,7,0,0,0,-1.456073522567749,-0.6744897365570068,0.7815837860107422
